{
  "1": 0.12642706131078224,
  "2": 0.03481324876673714,
  "3": 0.7258632840028189,
  "4": 0.11289640591966173
}
