{
  "mean_b": 0.3437916314609368,
  "mean_g": 0.3437916314609368,
  "mean_intensity": 0.34388126090619053,
  "mean_r": 0.3437916314609368,
  "std_b": 0.1396473537258185,
  "std_g": 0.1396473537258185,
  "std_intensity": 0.1396533472325361,
  "std_r": 0.1396473537258185
}
